Search Scope,Job Title,Description,Deliverable,Fixed or Hourly,Budget,Buyer Spend,Buyer Hires,Proposals,Geography,Expertise,Posted Time,Job URL,AI Completion Notes,Entry Barrier Notes
"Competitor Analysis / Market Research","Win/Loss Analysis Voice of Customer Surveys","Phone-based win/loss interviews, surveys, tagging buyer feedback themes including competition, pricing, product gaps, sales experience.","Tagged spreadsheet and weekly insight summaries","Hourly","$40-$75/hr","$12K total spent","11 hires, 5 active","10 to 15","U.S. located freelancers only","Expert","last week","https://www.upwork.com/freelance-jobs/apply/Win-Loss-Analysis-Voice-Customer-Surveys_~021936877572574748332/","AI can help analyze transcripts and theme data, but cannot perform live phone interviews alone.","High: US-only, phone interviews, expert qualitative research."
"Competitor Analysis / Market Research","Market Research Survey Specialist Needed","Market research for Israeli fresh pasta market: customer needs, trends, gaps, brand positioning, channels, competitive strategy.","Survey design, implementation, data analysis, comprehensive report","Hourly","$10-$30/hr","$2.3K total spent","18 hires, 0 active","5 to 10","Worldwide; Hebrew/Israel knowledge ideal","Intermediate","6 days ago","https://www.upwork.com/freelance-jobs/apply/Market-Research-Survey-Specialist-Needed_~021934873222131528032/","AI can support survey design/reporting; respondent access and local language reduce full automation.","Medium-high: food/FMCG and Israel/Hebrew preferred."
"Competitor Analysis / Market Research","Market Researcher Needed to Benchmark Top Motivational Speakers (e.g., Simon Sinek)","Benchmark motivational speakers' audiences, messaging, formats, websites, funnels, social, email, ads, partnerships, course pricing.","Research report or slide deck plus comparison chart across 5-10 speakers","Hourly","Unknown","Unknown","Unknown","Less than 5","Worldwide","Entry level","3 days ago","https://www.upwork.com/freelance-jobs/apply/Market-Researcher-Needed-Benchmark-Top-Motivational-Speakers-Simon-Sinek_~021943065587638045288/","High: mostly desk research across public web/social/course pages.","Low-medium: personal development/online education familiarity useful."
"Competitor Analysis / Market Research","Market Researcher Needed to Compile ROI & Performance Stats by Marketing Channel","Compile credible ROI/performance stats by marketing channel, preferably nonprofit-specific, with citations.","Excel/Google Sheet with stats and references plus optional summary","Fixed","$250","$113K total spent","179 hires, 70 active","5 to 10","Worldwide","Expert","last month","https://www.upwork.com/freelance-jobs/apply/Market-Researcher-Needed-Compile-ROI-Performance-Stats-Marketing-Channel_~021934438757017995075/","High for sourcing, extraction, citation organization; paid databases may be needed.","Medium: requires credible sources and possibly Statista/IBISWorld/eMarketer access; 24h timeline."
"Competitor Analysis / Market Research","Development of an AI Market Research Agent Using n8n (Multi-Platform Data Integration)","Build n8n workflow that gathers market data from analytics, social, ecommerce, keyword, review tools and outputs structured JSON/report.","Working n8n AI market research workflow","Hourly","Open budget; hourly","$150 total spent","2 hires, 1 active","5 to 10","Worldwide","Expert","9 hours ago","https://www.upwork.com/freelance-jobs/apply/Development-Market-Research-Agent-Using-n8n-Multi-Platform-Data-Integration_~021984538980012571698/","AI is part of deliverable but task is automation engineering, not a research report.","High: n8n/API/OAuth engineering required."
"Competitor Analysis / Market Research","Market Research Analyst (EdTech Focus - Contract)","Validate K-12 classroom technology business case: market sizing, installed base, TAM/SAM, competitors, pricing, GTM channels.","Focused market research report","Hourly","Unknown","$265K total spent","118 hires, 16 active","20 to 50","Worldwide; U.S. education market","Expert","last week","https://www.upwork.com/freelance-jobs/apply/Market-Research-Analyst-EdTech-Focus-Contract_~021934247315615750287/","AI can support secondary research and synthesis; TAM/SAM quality needs sources and sector judgment.","High: EdTech/AV hardware expertise and primary/secondary research requested."
"Competitor Analysis / Market Research","LinkedIn Posts Copywriter, Marketing and Competitor Researcher Needed","Research LinkedIn profiles in tech/AI/conferences, analyze top-performing posts, use findings for LinkedIn content creation.","30 LinkedIn posts plus competitor/content research","Fixed","$30","$281 total spent","5 hires, 1 active","Less than 5","Worldwide","Intermediate","4 weeks ago","https://www.upwork.com/freelance-jobs/apply/LinkedIn-Posts-Copywriter-Marketing-and-Competitor-Researcher-Needed_~021965490245019533532/","High for profile/post research and drafting; LinkedIn access/manual review needed.","Medium: combines research with copywriting and funnel marketing."
"Competitor Analysis / Market Research","Competitive Ad & Website Researcher - find competitors' ads, products & sites and native ads","Locate competitor websites, product pages, native ads, ad placements, archives, duplicate/white-label sites.","Spreadsheet with URLs, page types, screenshots/links, ad networks, source notes, summary","Hourly","$3-$7/hr","$3.2K total spent","43 hires, 18 active","Less than 5","Worldwide","Intermediate","2 weeks ago","https://www.upwork.com/freelance-jobs/apply/Competitive-Website-Researcher-find-competitors-ads-products-sites-and-native-ads_~021978527986380036487/","High for OSINT-assisted web research; screenshots and archive checks still manual.","Low-medium: ecommerce/OSINT/ad-network familiarity."
"Competitor Analysis / Market Research","Pitch Deck Creation and Market Research for Clothing Brand","Conduct fashion market research on social media and ecommerce platforms with competitive analysis, then create pitch deck.","Pitch deck with market research and competitive insights","Fixed","$200","$775 total spent","4 hires, 1 active","20 to 50","Worldwide","Intermediate","last month","https://www.upwork.com/freelance-jobs/apply/Pitch-Deck-Creation-and-Market-Research-for-Clothing-Brand_~021968777544019416263/","Medium-high: AI can research/draft, but deck design and fashion positioning require judgment.","Medium: fashion marketing/pitch deck experience preferred."
"Competitor Analysis / Market Research","Private Label Product Research Analyst - 5 Openings","Validate Amazon/TikTok/Walmart supplement product opportunities including demand, competition, sourcing quotes, compliance, financial model.","Workbook, 10-15 slide pitch deck, quotes, compliance notes, Go/Hold/No-Go recommendation","Hourly","Unknown","$23K total spent","35 hires, 12 active","15 to 20","Worldwide","Expert","last week","https://www.upwork.com/freelance-jobs/apply/Private-Label-Product-Research-Analyst-Openings_~021967724807047900333/","AI can support analysis, but tool data, manufacturer quotes, compliance, and financial model need human/tool access.","High: supplements, Amazon tools, sourcing, compliance, financial modeling."
"Competitor Analysis / Market Research","Dietary Supplements/Food & Beverage Science Research & AI Market Insights Associate","Use AI tools to research scientific literature, market data, competitive intelligence, datasets, reports and B2B presentations.","Market reports and B2B PowerPoint/Google Slides presentations","Hourly","$30-$50/hr","$59K total spent","15 hires, 6 active","10 to 15","U.S. located freelancers only","Intermediate","last month","https://www.upwork.com/freelance-jobs/apply/Dietary-Supplements-Food-Beverage-Science-Research-Market-Insights-Associate_~021984796970569631470/","Medium-high: AI helps literature and market synthesis, but scientific interpretation is central.","High: U.S.-only, scientific degree strongly preferred."
"Competitor Analysis / Market Research","Amazon FBA Expert, Product Evaluation & Market Research","Evaluate new sleep supplement brand before Amazon launch; potential ongoing consulting/listing/ads work.","Product evaluation and market research recommendations","Fixed","$30","$2.2K total spent","126 hires, 16 active","5 to 10","Worldwide","Intermediate","last month","https://www.upwork.com/freelance-jobs/apply/Amazon-FBA-Expert-Product-Evaluation-Market-Research_~021970901357763769258/","Medium: AI can assist, but Amazon FBA expertise and marketplace tools matter.","Medium-high: Amazon FBA and supplement category experience."
"Competitor Analysis / Market Research","Mexico-Specific Market Research Assistant (Remote)","Identify 250 Mexican educational companies for partnerships and evaluate them against criteria.","Google Sheet with verified company/contact/social data; completed local-market questionnaire","Fixed","$55","$105 total spent","2 hires, 2 active","Less than 5","Worldwide; Mexico-specific","Entry level","yesterday","https://www.upwork.com/freelance-jobs/apply/Mexico-Specific-Market-Research-Assistant-Remote_~021961049852364296327/","High for online research/list building; local Mexico context helps.","Low-medium: structured data collection, country-specific."
"Competitor Analysis / Market Research","Real Estate Market Report Creator for Dubai","Create monthly Dubai real estate market report with trends, property values, investment opportunities, transactions, new projects.","Visually appealing monthly real estate market report","Fixed","$100","$11K total spent","39 hires, 7 active","Less than 5","Worldwide; Dubai market","Intermediate","4 weeks ago","https://www.upwork.com/freelance-jobs/apply/Real-Estate-Market-Report-Creator-for-Dubai_~021924502921033841169/","Medium: AI can draft and format, but accurate market/transaction data access is key.","Medium-high: real estate analytics and design/report generation."
"Competitor Analysis / Market Research","Looking for someone to do research for me once a month for about 40 hours","Collect residential data from county sites on recurring basis.","Residential data from county sites","Hourly","$3-$6/hr","$91 total spent","1 hire, 1 active","15 to 20","Worldwide","Entry level","2 days ago","https://www.upwork.com/freelance-jobs/apply/Looking-for-someone-research-for-once-month-for-about-hours_~021936551514708495258/","High for structured web research if sources are accessible.","Low: data entry/research, but low rate and recurring volume."
"Competitor Analysis / Market Research","Amazon Listing Expert Needed - Full Audit, A+ Content, Image & Competitor Analysis (65 Products)","Audit and optimize Amazon Canada/US listings, A+ content, images, comparison tables, graphics, competitor benchmarks.","Audit report plus implemented listing improvements for 65 products","Hourly","$20-$50/hr","$425 total spent","2 hires, 2 active","20 to 50","Worldwide","Expert","5 days ago","https://www.upwork.com/freelance-jobs/apply/Amazon-Listing-Expert-Needed-Full-Audit-Content-Image-Competitor-Analysis-Products_~021934786408888709472/","Medium: AI supports audit/recommendations, but Amazon listing execution and SEO expertise required.","High: proven Amazon listing optimization required."
"Competitor Analysis / Market Research","Market Research Specialist for US Job Market Expansion","Investigate US job market for expansion, trends, opportunities, competitive landscape.","Market research report with actionable recommendations","Fixed","$200","Unknown","Unknown","Less than 5","Worldwide; US market","Intermediate","3 weeks ago","https://www.upwork.com/freelance-jobs/apply/Market-Research-Specialist-for-Job-Market-Expansion_~021997056873577843730/","High for secondary research and reporting.","Medium: labor market understanding required."
"Competitor Analysis / Market Research","Social Media Pages Audit & Competitor Analysis Specialist Needed","Audit current social pages and analyze top competitors across content, engagement, visuals, hashtags, positioning.","Structured report with charts/tables and actionable recommendations","Fixed","$100","$301 total spent","6 hires, 0 active","Less than 5","Worldwide","Intermediate","4 weeks ago","https://www.upwork.com/freelance-jobs/apply/Social-Media-Pages-Audit-Competitor-Analysis-Specialist-Needed_~021994707445254001064/","High: public social/page review, report synthesis, content recommendations.","Low-medium: social audit examples preferred."
"Competitor Analysis / Market Research","SEO Keyword Research and Competitor Analysis Expert Needed","Conduct keyword research, backlink analysis, and competitor analysis for SEO strategy.","Detailed SEO report with keyword opportunities, backlink strategies, competitor insights","Fixed","$70","$1.4K total spent","26 hires, 1 active","15 to 20","Worldwide","Intermediate","3 weeks ago","https://www.upwork.com/freelance-jobs/apply/SEO-Keyword-Research-and-Competitor-Analysis-Expert-Needed_~021997252056401419665/","Medium-high: AI can synthesize, but SEO tools/data access matter.","Medium: SEO audit/keyword/backlink expertise."
"Competitor Analysis / Market Research","Support a quantitative online market research project from start to end","Assist market researcher with data checking, cleaning, processing, mapping, charting, and report generation.","Cleaned/processed data, charts, report support","Fixed","$500","$471 total spent","7 hires, 4 active","20 to 50","Worldwide; SGT workday availability","Intermediate","5 days ago","https://www.upwork.com/freelance-jobs/apply/Support-quantitative-online-market-research-project-from-start-end_~021935231226462908768/","Medium-high for data processing/charting; availability and quant research workflow matter.","Medium: quant research experience and time-zone availability."
