Search Scope,Job Title,Description,Deliverable,Fixed or Hourly,Budget,Buyer Spend,Buyer Hires,Proposals,Geography,Expertise,Posted Time,Job URL,Product / Category,Supplier Geography,Supplier Quantity,Qualification Criteria,Verification Required,Quote / Price Required,Comparison Required,Recommendation / Ranking Required,Contact Depth,Tool / Platform Requirement,Execution Dependency,Research Share of Value,Recurring or One-off,AI Completion Notes,Entry Barrier Notes,Include / Exclude Decision,Exclusion Reason
"Remote Supplier Discovery + Verification + Comparison","Product Sourcing Expert Needed: Custom Metal Deer Cardholder","Find reliable manufacturer for a specific black metal deer cardholder giveaway matching reference specs; prior contacts were unreliable; batch about 300 units; ship to Germany.","Manufacturer recommendation/contact for matching product","Fixed","$100","$6.1K total spent","22 hires, 5 active","5 to 10","Worldwide; emerging-market supplier, ship to Germany","Intermediate","6 days ago","https://www.upwork.com/freelance-jobs/apply/Product-Sourcing-Expert-Needed-Custom-Metal-Deer-Cardholder_~021935423477238596643/","Custom metal deer cardholder","China, India, Vietnam or other cost-efficient producer","Likely one or more manufacturers","Material/spec match, cost-efficient industrial producer, reliability, shipping to Germany","Yes: reliable manufacturer and product fit","Implicit, not central","Implicit comparison against unreliable prior contacts","Likely recommendation","Manufacturer contact","Sourcing platforms/public supplier directories/network","Light outreach","High","One-time","High: AI can parse specs, build supplier search strategy, draft RFQ, compare evidence, and structure recommendation.","Medium: some sourcing experience and supplier communication required, but no local visit/QC required.","Include",""
"Remote Supplier Discovery + Verification + Comparison","Private Label Supplement Manufacturer Sourcing","Find and verify private label/OEM manufacturers for human and pet supplements; gather quotes, MOQ, pricing, lead time, packaging options, and certification proof.","Supplier list, quotation sheet with certification proof, final recommendation report","Hourly","$10-$20/hr","$20 total spent","1 hire, 0 active","20 to 50","Worldwide; Finland buyer","Intermediate","last month","https://www.upwork.com/freelance-jobs/apply/Private-Label-Supplement-Manufacturer-Sourcing_~021977888795111418167/","Human and pet supplements","Unknown global private label/OEM manufacturers","5-7 manufacturers","GMP/FDA preferred, OEM/private label capability, packaging options","Yes: certifications and factory capability","Yes: quotes, MOQ, pricing, lead time","Yes: comparison report","Yes: final recommendation","Supplier contacts","Excel/Google Sheets; sourcing platforms; possibly Chinese helpful","Light outreach","High","Ongoing project / <1 month","High: AI can discover suppliers, create RFQ/checklist, organize quote matrix, flag certification gaps, draft recommendation.","Medium-high: supplement/nutraceutical knowledge and certification verification; competition high.","Include",""
"Remote Supplier Discovery + Verification + Comparison","Sourcing Expert Required Immediately to Source Identical EVA Beach Bag","Find factory in China already producing an EVA beach tote matching reference photos within 5-10% variance; client handles pricing, negotiation, MOQ, and orders.","At least one verified factory contact with proof photos/catalog/product link","Fixed","$100","$136 total spent","1 hire, 0 active","10 to 15","Worldwide; China factory required","Intermediate","yesterday","https://www.upwork.com/freelance-jobs/apply/Sourcing-Expert-Required-Immediately-Source-Identical-EVA-Beach-Bag_~021960933866357231751/","EVA beach tote bag","China","At least 1 factory","Exact/near-exact design match, factory already producing, EVA/molded plastic capability","Yes: proof of product match","No: client handles pricing/MOQ/order","Light: proof vs reference design","Yes: verified match","Factory name/contact/proof link or photos","Alibaba/1688/factory directories/network","Light outreach","High","Ongoing possible","High: AI can support visual/spec checklist, supplier search queries, outreach, and evidence validation.","Medium-high: China/EVA factory network helpful; urgent timeline.","Include",""
"Remote Supplier Discovery + Verification + Comparison","Market & Supplier Sourcer (Pet Wellness – Dropshipping to Australia)","Launch pet wellness dropshipping brand with supplier landscape mapping, shortlist, negotiated dropship terms, SKU catalog, samples, QC, SLA pack, compliance guardrails.","Supplier matrix, SKU catalog, signed terms/SLA pack, sample QC report, compliance guardrails","Fixed","$1,000","Unknown","Unknown","Less than 5","Worldwide; AU market","Expert","yesterday","https://www.upwork.com/freelance-jobs/apply/Market-Supplier-Sourcer-Pet-Wellness-Dropshipping-Australia_~021960909253577523565/","Pet wellness supplements/hygiene","AU, US, EU, CN fast AU lanes","15-20 suppliers, 12-15 SKUs","Margin, AU delivery, blind ship, returns, inventory feed, certifications","Yes: terms, samples, QC, compliance","Yes: wholesale, shipping, landed margin","Yes: supplier matrix/catalog","Yes: top picks and rationale","Supplier contact plus signed terms/SLA evidence","Supplier platforms, negotiation, spreadsheets","Sample/QC","Medium","Ongoing / 2-3 week milestones","AI can assist matrix, margin math, landscape mapping; execution remains large.","High: negotiation, sample orders, QC, compliance, SLA pack.","Exclude","High price comes from sourcing project management, negotiation, samples/QC, and compliance, not remote research alone."
"Remote Supplier Discovery + Verification + Comparison","Sourcing Agent Needed in Turkey, Pakistan, or India for T-Shirt Brand","Find/contact local t-shirt factories and identify best manufacturing partner for small batch; evaluate quality, MOQ, flexibility, production time, pricing.","Factory responses and brief summary/comparison","Hourly","Unknown","$377 total spent","11 hires, 0 active","20 to 50","Worldwide listing, but must be based Turkey/Pakistan/India","Intermediate","5 days ago","https://www.upwork.com/freelance-jobs/apply/Sourcing-Agent-Needed-Turkey-Pakistan-India-for-Shirt-Brand_~021932289615647152984/","T-shirt manufacturing","Turkey, Pakistan, India","Applicant states feasible count","Quality, MOQ, flexibility, production time, pricing","Yes: factory responses","Yes","Yes","Yes","Factory contacts","Local factory network/email/phone","Local presence","Medium","One-time, possible long-term","AI can help comparison/reporting, but local sourcing access is core.","High: local identity/network and garment sourcing required.","Exclude","Requires local sourcing agent; not low-asset remote discovery."
"Remote Supplier Discovery + Verification + Comparison","Factory Sourcing Consultant – Apparel & Accessories","Find factory partners for golfwear capsule and coordinate sampling process; provide vendor options, introductions, summary table.","3-5 vetted vendor options per product category, intro emails/calls, summary table","Hourly","$20-$30/hr","$250 total spent","2 hires, 1 active","10 to 15","Worldwide; direct ties to Vietnam or South China preferred","Expert","last month","https://www.upwork.com/freelance-jobs/apply/Factory-Sourcing-Consultant-Apparel-Accessories_~021937656703691805406/","Golfwear apparel/accessories","Vietnam or South China preferred","3-5 vendors per category","MOQ, sampling fees/timeline, lead times, capabilities","Yes","Yes: costs/sampling fees","Yes","Implicit recommendation","Factory contacts and introductions","Factory network, English/Vietnamese/Mandarin","Negotiation","Medium","1-3 months, possible contract-to-hire","AI can help organize options, but factory network and liaison role dominate.","High: apparel/factory network and sampling coordination.","Exclude","Requires factory relationships, facilitated intros, and sampling coordination."
"Remote Supplier Discovery + Verification + Comparison","Local Sourcing Agent in Mexico","Identify and establish communication with Mexican plastic molding manufacturers for reusable transparent dessert cups.","Manufacturer identification and supplier communication support","Fixed","$600","$13K total spent","39 hires, 6 active","5 to 10","Worldwide listing, but local Mexico agent needed","Intermediate","last month","https://www.upwork.com/freelance-jobs/apply/Local-Sourcing-Agent-Mexico_~021922020606660255654/","Reusable plastic dessert cups","Mexico","Unknown","Plastic molding manufacturers, microwave-safe reusable transparent kitchenware","Yes","Implicit","Implicit","Implicit","Manufacturer contacts plus communication","Local Mexico network, phone/email/in-person if needed","Local presence","Medium","Ongoing / contract-to-hire","AI can support supplier research and scripts; local communication/network is central.","High: local agent and possibly phone/in-person outreach.","Exclude","Local agent requirement; not remote low-asset shortlist."
"Remote Supplier Discovery + Verification + Comparison","Alibaba Product Sourcing Assistant","Source/manage 32 products on Alibaba; message suppliers, confirm product details, negotiate price/shipping/customization, coordinate shippers.","Records of supplier contacts, quotes, shipping details","Fixed","$50","$1.1K total spent","23 hires, 8 active","5 to 10","Worldwide; Norway buyer","Intermediate","yesterday","https://www.upwork.com/freelance-jobs/apply/Alibaba-Product-Sourcing-Assistant_~021976374627002706231/","Car detailing business products","Alibaba suppliers","32 target products","Product details, quality/specs, small quantity, customization","Yes","Yes","No formal comparison","No","Supplier contacts and logistics details","Alibaba","Negotiation","Low","One-time","AI can help tracking/spec templates, but task is low-price supplier messaging and logistics coordination.","Medium: many products, negotiation/logistics, low price.","Exclude","Low-priced procurement coordination, not high-research shortlist."
"Remote Supplier Discovery + Verification + Comparison","Chinese factory sourcing expert","Find China direct factory producing medical hair loss wigs, not Alibaba, lower cost.","Factory source","Fixed","$10","$226K total spent","419 hires, 44 active","15 to 20","Worldwide; China direct factory required","Entry level","2 months ago","https://www.upwork.com/freelance-jobs/apply/Chinese-factory-sourcing-expert_~021920424817587039363/","Medical hair loss wigs","China direct factories","Unknown","Direct factory, not Alibaba, lower cost","Implicit","Implicit","No","No","Factory contact","China factory network","Light outreach","Medium","One-time","AI can search, but price is too low and direct factory access is expected.","Medium: niche product/factory network; very low budget.","Exclude","Too low priced and no structured comparison/recommendation artifact."
