Search Scope,Job Title,Description,Deliverable,Fixed or Hourly,Budget,Buyer Spend,Buyer Hires,Proposals,Geography,Expertise,Posted Time,Job URL,Primary Input Type,Decision Output,Buyer Risk if Wrong,Evidence Depth,AI Completion Notes,Entry Barrier Notes,Include / Exclude Decision
"Desk Research + Comparative Analysis + Decision Support","Market Researcher Needed to Benchmark Top Motivational Speakers (e.g., Simon Sinek)","Benchmark well-known motivational speakers' audiences, messaging, content formats, websites, funnels, social, email, ads, partnerships, course pricing.","Research report or slide deck plus comparison chart across 5-10 speakers and actionable recommendations","Hourly","Unknown","Unknown","Unknown","Less than 5","Worldwide","Entry level","3 days ago","https://www.upwork.com/freelance-jobs/apply/Market-Researcher-Needed-Benchmark-Top-Motivational-Speakers-Simon-Sinek_~021943065587638045288/","Public web, social pages, course pages, client target context","Benchmark + Recommend","Medium","Cross-check public sources and compare multiple signals","High: public-source desk research and synthesis fit AI workflow well.","Low-medium: personal development/online education familiarity helpful but not hard credential.","Include"
"Desk Research + Comparative Analysis + Decision Support","Market Researcher Needed to Compile ROI & Performance Stats by Marketing Channel","Gather credible up-to-date data on marketing channel performance and ROI, with nonprofit preference, then organize sources.","Excel/Google Sheet with stats, ROI, links/citations; optional executive summary","Fixed","$250","$113K total spent","179 hires, 70 active","5 to 10","Worldwide","Expert","last month","https://www.upwork.com/freelance-jobs/apply/Market-Researcher-Needed-Compile-ROI-Performance-Stats-Marketing-Channel_~021934438757017995075/","Public reports plus possible paid research databases","Benchmark + Rank","Medium","Must verify citations/source quality, not just summarize","High for sourcing and structuring; limited if paid databases are required.","Medium: source credibility and 24h timeline raise bar.","Include"
"Desk Research + Comparative Analysis + Decision Support","Social Media Competitor Research","Research 20 top Australian social accounts in buyer's niche plus about 5 buyer-provided accounts.","Competitor social account research with comparison findings","Fixed","$75","$5.8K total spent","17 hires, 3 active","10 to 15","Worldwide","Intermediate","3 weeks ago","https://www.upwork.com/freelance-jobs/apply/Social-Media-Competitor-Research_~021930412006271779084/","Public social media accounts, client-provided niche/accounts","Benchmark + Gap","Low-medium","Mostly structured collection; some comparison across accounts","High: public social account review and pattern extraction.","Low-medium: social media literacy, low fixed budget.","Include"
"Desk Research + Comparative Analysis + Decision Support","Competitive Ad & Website Researcher - find competitors' ads, products & sites and native ads","Find competitor websites, product listings, native ads, ad placements, archived/duplicate sites from buyer-provided competitor details.","Spreadsheet with URLs, page type, screenshots/ad links, ad network/platform, source notes; grouped product/site lists; short summary","Hourly","$3-$7/hr","$3.2K total spent","43 hires, 18 active","Less than 5","Worldwide","Intermediate","2 weeks ago","https://www.upwork.com/freelance-jobs/apply/Competitive-Website-Researcher-find-competitors-ads-products-sites-and-native-ads_~021978527986380036487/","Public web, ad libraries/networks, archives, client-provided competitor details","Benchmark + Gap","Medium","Requires source notes and archived/current evidence checks","High: OSINT-style public research; AI helps structure and find patterns.","Low-medium: ad network/archive familiarity; pricing is low.","Include"
"Desk Research + Comparative Analysis + Decision Support","Pitch Deck Creation and Market Research for Clothing Brand","Conduct fashion market research on social media/ecommerce platforms, focusing on competitive analysis, then create pitch deck.","Pitch deck with competitive insights and positioning support","Fixed","$200","$775 total spent","4 hires, 1 active","20 to 50","Worldwide","Intermediate","last month","https://www.upwork.com/freelance-jobs/apply/Pitch-Deck-Creation-and-Market-Research-for-Clothing-Brand_~021968777544019416263/","Public social/ecommerce data plus client brand info","Recommend + Positioning","Medium","Needs fact collection plus coherent deck narrative","Medium-high: AI can support research and deck narrative; design taste/human judgment still needed.","Medium: fashion marketing and deck execution preferred.","Include"
"Desk Research + Comparative Analysis + Decision Support","Market Research Specialist for Startup Goals","Validate early-stage Home & Garden venture assumptions: market sizing, growth, revenue scenarios, competitor benchmarking, market gaps, target customers.","Investor-ready recommendations supported by data","Hourly","$20-$30/hr","Unknown","Unknown","20 to 50","Worldwide","Intermediate","2 days ago","https://www.upwork.com/freelance-jobs/apply/Market-Research-Specialist-for-Startup-Goals_~021942007914339619492/","Public market data, competitor data, client pitch deck/financial model","Recommend + Scenario","High","Needs source-backed validation and realistic assumptions","Medium-high: AI can support secondary research and scenarios, but investor validation requires judgment.","Medium: analytical background; competition high.","Include"
"Desk Research + Comparative Analysis + Decision Support","Compensation and Benefits Study","Compare pay and benefits offered by competing public agency employers; identify trends, gaps, and recommendations.","Comparative compensation/benefits report and optional presentation","Hourly","$14-$50/hr","$25K total spent","42 hires, 15 active","10 to 15","Worldwide","Expert","3 weeks ago","https://www.upwork.com/freelance-jobs/apply/Compensation-and-Benefits-Study_~021930763929584248631/","Public/industry compensation data, competing employer packages, client context","Benchmark + Gap + Recommend","High","Requires careful data comparison and defensible recommendations","Medium: AI can structure comparisons and draft findings; compensation accuracy matters.","High: compensation expertise and HR standards required.","Include"
"Desk Research + Comparative Analysis + Decision Support","Market Research & Site Selection Consultant","Compare potential retail store locations using customer profile, demographic/psychographic data, mall traffic, co-tenancy, market health, scoring model.","Excel scoring matrix, raw data/trade-area stats, PDF/PPT with maps/charts/scorecards, executive summary","Hourly","$40-$75/hr","$5.7K total spent","6 hires, 3 active","Less than 5","U.S. located freelancers only","Expert","2 days ago","https://www.upwork.com/freelance-jobs/apply/Market-Research-Site-Selection-Consultant_~021960798386185512871/","Professional tools/data such as ESRI Tapestry, Placer.ai, mall/traffic data","Rank + Recommend","High","Requires cross-verified location, demographic, traffic, and scoring evidence","Medium: AI can build scoring narrative, but paid/local data access is central.","High: US-only, expert, specialized data tools.","Include"
"Desk Research + Comparative Analysis + Decision Support","Build Excel Tool to Compare Weekly Fruit & Vegetable Orders Across 5 Vendors (Aruba)","Create spreadsheet to compare 5 vendors' prices against weekly consumption and determine best buying option.","Excel tool with price input tabs, consumption tab, comparison analysis, printable summary/user guide","Fixed","$200","$3.2K total spent","27 hires, 8 active","20 to 50","Worldwide","Intermediate","yesterday","https://www.upwork.com/freelance-jobs/apply/Build-Excel-Tool-Compare-Weekly-Fruit-Vegetable-Orders-Across-Vendors-Aruba_~021936635404453545695/","Client vendor price sheets and consumption data","Rank + Recommend","Medium","Formula output must be accurate; evidence comes from client-provided price sheets","Medium-high: AI can design logic and documentation; Excel implementation required.","Medium: spreadsheet skill, not pure research.","Include"
"Desk Research + Comparative Analysis + Decision Support","Investigador de Productos para Dropshipping - Guatemala/Honduras","Evaluate provided product lists for Guatemala and Honduras using demand, pricing, competitor presence, profitability and market fit.","Concise report with best-performing products plus pricing and competitive insights","Fixed","$300","Unknown","Unknown","Less than 5","Worldwide; Guatemala/Honduras focus","Intermediate","yesterday","https://www.upwork.com/freelance-jobs/apply/Investigador-Productos-para-Dropshipping-Guatemala-Honduras_~021933355690020598403/","Client product lists, public ecommerce/market data, regional market knowledge","Rank + Recommend","Medium","Needs product-by-product comparison and regional validation","Medium-high: AI helps compare and rank, but regional/ecommerce context matters.","Medium: Spanish and LATAM dropshipping familiarity preferred.","Include"
"Desk Research + Comparative Analysis + Decision Support","Market Research & Feasibility Study for Organic Dairy Farm","Validate organic dairy opportunity with customer research, competitor mapping, TAM/SAM/SOM, distribution assessment, pricing, risk and Go/No-Go.","30-40 page report, survey data, competitor matrix, Go/No-Go recommendation, presentation","Fixed","$500","$43K total spent","18 hires, 5 active","10 to 15","Worldwide","Unknown","3 weeks ago","https://www.upwork.com/freelance-jobs/apply/Market-Research-Feasibility-Study-for-Organic-Dairy-Farm_~021986306335172508722/","Primary survey data, public competitor data, market sizing data, distribution/logistics inputs","Go-No-Go + Gap + Recommend","High","Requires primary survey, source-backed sizing, competitor matrix, risk analysis","Medium: AI helps desk research/reporting; primary survey and local validation reduce AI leverage.","High: primary research, logistics, financial projections, longer report.","Include"
"Desk Research + Comparative Analysis + Decision Support","B2B Marketing Strategist with Microsoft Partner Ecosystem Expertise","Develop GTM and marketing strategy based on ICP research, pain points, competitive landscape, content and channel playbooks.","Strategic frameworks/playbooks for multi-channel B2B marketing machine","Hourly","$30-$50/hr","Unknown","Unknown","Less than 5","Unknown","Expert","3 weeks ago","https://www.upwork.com/freelance-jobs/apply/B2B-Marketing-Strategist-with-Microsoft-Partner-Ecosystem-Expertise_~021966406077772754831/","Client business context, public competitor/ICP research, Microsoft partner ecosystem knowledge","Recommend + Strategy","High","Needs validated ICP/market assumptions and practical execution playbooks","Medium: AI can synthesize and draft, but ecosystem expertise is key.","High: Microsoft partner/B2B tech strategy expertise required.","Include"
